use IrpfDB

SET IDENTITY_INSERT [dbo].[Contribuintes] ON

insert into Contribuintes (ContribuinteID,FirstName,LastName,Gender) values (558, 'Graeme', 'Slany', 'Male');
insert into Contribuintes (ContribuinteID,FirstName,LastName,Gender) values (005, 'Mic', 'Summerlad', 'Male');
insert into Contribuintes (ContribuinteID,FirstName,LastName,Gender) values (684, 'Hyacintha', 'Heathcoat', 'Female');
insert into Contribuintes (ContribuinteID,FirstName,LastName,Gender) values (138, 'Darryl', 'Kleinplac', 'Male');
insert into Contribuintes (ContribuinteID,FirstName,LastName,Gender) values (004, 'Delores', 'Selland', 'Female');
insert into Contribuintes (ContribuinteID,FirstName,LastName,Gender) values (209, 'Vickie', 'Mapholm', 'Female');
insert into Contribuintes (ContribuinteID,FirstName,LastName,Gender) values (625, 'Pernell', 'Horley', 'Male');
insert into Contribuintes (ContribuinteID,FirstName,LastName,Gender) values (439, 'Theodoric', 'Brand-Hardy', 'Male');
insert into Contribuintes (ContribuinteID,FirstName,LastName,Gender) values (548, 'Sascha', 'Balston', 'Female');
insert into Contribuintes (ContribuinteID,FirstName,LastName,Gender) values (142, 'Evered', 'Singh', 'Male');
SET IDENTITY_INSERT [dbo].[Contribuintes] OFF



SET IDENTITY_INSERT [dbo].[Declaracoes] ON
insert into Declaracoes (DeclaracaoID, ContribuinteID, RendimentoTrib, NmroDependentes, Previdencia, Status, Data) values (1, 684, 2680115, 3, 2016177, 1, '28/09/2019');
insert into Declaracoes (DeclaracaoID, ContribuinteID, RendimentoTrib, NmroDependentes, Previdencia, Status, Data) values (2, 625, 7953372, 1, 49020782, 1, '07/02/2019');
insert into Declaracoes (DeclaracaoID, ContribuinteID, RendimentoTrib, NmroDependentes, Previdencia, Status, Data) values (3, 548, 7549733, 9, 8211519, 0, '01/12/2019');
insert into Declaracoes (DeclaracaoID, ContribuinteID, RendimentoTrib, NmroDependentes, Previdencia, Status, Data) values (4, 558, 397910, 18, 39510445, 0, '05/10/2019');
insert into Declaracoes (DeclaracaoID, ContribuinteID, RendimentoTrib, NmroDependentes, Previdencia, Status, Data) values (5, 138, 734257, 16, 25504291, 0, '23/04/2019');
insert into Declaracoes (DeclaracaoID, ContribuinteID, RendimentoTrib, NmroDependentes, Previdencia, Status, Data) values (6, 209, 9803802, 12, 45609481, 0, '16/03/2019');
insert into Declaracoes (DeclaracaoID, ContribuinteID, RendimentoTrib, NmroDependentes, Previdencia, Status, Data) values (7, 004, 6304605, 13, 55193174, 1, '03/05/2019');
insert into Declaracoes (DeclaracaoID, ContribuinteID, RendimentoTrib, NmroDependentes, Previdencia, Status, Data) values (8, 142, 4284750, 6, 91688799, 1, '21/07/2019');
insert into Declaracoes (DeclaracaoID, ContribuinteID, RendimentoTrib, NmroDependentes, Previdencia, Status, Data) values (9, 005, 8226146, 14, 62993473, 0, '30/07/2019');
insert into Declaracoes (DeclaracaoID, ContribuinteID, RendimentoTrib, NmroDependentes, Previdencia, Status, Data) values (10,439, 1604808, 8, 82508662, 1, '07/01/2019');
SET IDENTITY_INSERT [dbo].[Declaracoes] OFF


SET IDENTITY_INSERT [dbo].[Deducoes] ON
insert into Deducoes (DeducaoID, DeclaracaoID, TipoDeducao, Valor) values (1, 5, 'previdencia', 821884);
insert into Deducoes (DeducaoID, DeclaracaoID, TipoDeducao, Valor) values (2, 6, 'educacao', 258884);
insert into Deducoes (DeducaoID, DeclaracaoID, TipoDeducao, Valor) values (3, 6, 'educacao', 589543);
insert into Deducoes (DeducaoID, DeclaracaoID, TipoDeducao, Valor) values (4, 8, 'previdencia', 504572);
insert into Deducoes (DeducaoID, DeclaracaoID, TipoDeducao, Valor) values (5, 5, 'educacao', 573976);
insert into Deducoes (DeducaoID, DeclaracaoID, TipoDeducao, Valor) values (6, 9, 'medica', 981706);
insert into Deducoes (DeducaoID, DeclaracaoID, TipoDeducao, Valor) values (7, 2, 'medica', 365076);
insert into Deducoes (DeducaoID, DeclaracaoID, TipoDeducao, Valor) values (8, 10, 'educacao', 176985);
insert into Deducoes (DeducaoID, DeclaracaoID, TipoDeducao, Valor) values (9, 8, 'previdencia', 163035);
insert into Deducoes (DeducaoID, DeclaracaoID, TipoDeducao, Valor) values (10, 9, 'previdencia', 549417);
insert into Deducoes (DeducaoID, DeclaracaoID, TipoDeducao, Valor) values (11, 5, 'previdencia', 41062);
insert into Deducoes (DeducaoID, DeclaracaoID, TipoDeducao, Valor) values (12, 3, 'educacao', 30650);
insert into Deducoes (DeducaoID, DeclaracaoID, TipoDeducao, Valor) values (13, 8, 'medica', 808437);
insert into Deducoes (DeducaoID, DeclaracaoID, TipoDeducao, Valor) values (14, 3, 'previdencia', 372226);
insert into Deducoes (DeducaoID, DeclaracaoID, TipoDeducao, Valor) values (15, 5, 'previdencia', 759495);
insert into Deducoes (DeducaoID, DeclaracaoID, TipoDeducao, Valor) values (16, 4, 'educacao', 406935);
insert into Deducoes (DeducaoID, DeclaracaoID, TipoDeducao, Valor) values (17, 1, 'previdencia', 724191);
insert into Deducoes (DeducaoID, DeclaracaoID, TipoDeducao, Valor) values (18, 9, 'previdencia', 623531);
insert into Deducoes (DeducaoID, DeclaracaoID, TipoDeducao, Valor) values (19, 9, 'medica', 569114);
insert into Deducoes (DeducaoID, DeclaracaoID, TipoDeducao, Valor) values (20, 10, 'medica', 329977);
insert into Deducoes (DeducaoID, DeclaracaoID, TipoDeducao, Valor) values (21, 9, 'educacao', 81509);
insert into Deducoes (DeducaoID, DeclaracaoID, TipoDeducao, Valor) values (22, 4, 'medica', 192271);
insert into Deducoes (DeducaoID, DeclaracaoID, TipoDeducao, Valor) values (23, 10, 'medica', 840023);
insert into Deducoes (DeducaoID, DeclaracaoID, TipoDeducao, Valor) values (24, 8, 'medica', 200956);
insert into Deducoes (DeducaoID, DeclaracaoID, TipoDeducao, Valor) values (25, 4, 'previdencia', 196534);
insert into Deducoes (DeducaoID, DeclaracaoID, TipoDeducao, Valor) values (26, 10, 'previdencia', 214782);
insert into Deducoes (DeducaoID, DeclaracaoID, TipoDeducao, Valor) values (27, 2, 'educacao', 48347);
insert into Deducoes (DeducaoID, DeclaracaoID, TipoDeducao, Valor) values (28, 6, 'educacao', 167951);
insert into Deducoes (DeducaoID, DeclaracaoID, TipoDeducao, Valor) values (29, 7, 'previdencia', 528701);
insert into Deducoes (DeducaoID, DeclaracaoID, TipoDeducao, Valor) values (30, 5, 'educacao', 121754);
insert into Deducoes (DeducaoID, DeclaracaoID, TipoDeducao, Valor) values (31, 6, 'previdencia', 45051);
insert into Deducoes (DeducaoID, DeclaracaoID, TipoDeducao, Valor) values (32, 9, 'previdencia', 484462);
insert into Deducoes (DeducaoID, DeclaracaoID, TipoDeducao, Valor) values (33, 8, 'previdencia', 258217);
insert into Deducoes (DeducaoID, DeclaracaoID, TipoDeducao, Valor) values (34, 5, 'educacao', 542108);
insert into Deducoes (DeducaoID, DeclaracaoID, TipoDeducao, Valor) values (35, 10, 'previdencia', 508312);
insert into Deducoes (DeducaoID, DeclaracaoID, TipoDeducao, Valor) values (36, 3, 'previdencia', 328153);
insert into Deducoes (DeducaoID, DeclaracaoID, TipoDeducao, Valor) values (37, 3, 'previdencia', 407216);
insert into Deducoes (DeducaoID, DeclaracaoID, TipoDeducao, Valor) values (38, 3, 'educacao', 389974);
insert into Deducoes (DeducaoID, DeclaracaoID, TipoDeducao, Valor) values (39, 10, 'previdencia', 814879);
insert into Deducoes (DeducaoID, DeclaracaoID, TipoDeducao, Valor) values (40, 5, 'educacao', 175450);
insert into Deducoes (DeducaoID, DeclaracaoID, TipoDeducao, Valor) values (41, 9, 'medica', 554242);
insert into Deducoes (DeducaoID, DeclaracaoID, TipoDeducao, Valor) values (42, 6, 'medica', 227438);
insert into Deducoes (DeducaoID, DeclaracaoID, TipoDeducao, Valor) values (43, 10, 'previdencia', 250887);
insert into Deducoes (DeducaoID, DeclaracaoID, TipoDeducao, Valor) values (44, 3, 'previdencia', 163840);
insert into Deducoes (DeducaoID, DeclaracaoID, TipoDeducao, Valor) values (45, 9, 'educacao', 532383);
insert into Deducoes (DeducaoID, DeclaracaoID, TipoDeducao, Valor) values (46, 2, 'medica', 645270);
insert into Deducoes (DeducaoID, DeclaracaoID, TipoDeducao, Valor) values (47, 5, 'previdencia', 236316);
insert into Deducoes (DeducaoID, DeclaracaoID, TipoDeducao, Valor) values (48, 8, 'previdencia', 766503);
insert into Deducoes (DeducaoID, DeclaracaoID, TipoDeducao, Valor) values (49, 4, 'previdencia', 93783);
insert into Deducoes (DeducaoID, DeclaracaoID, TipoDeducao, Valor) values (50, 3, 'previdencia', 611844);
insert into Deducoes (DeducaoID, DeclaracaoID, TipoDeducao, Valor) values (51, 4, 'previdencia', 117657);
insert into Deducoes (DeducaoID, DeclaracaoID, TipoDeducao, Valor) values (52, 5, 'medica', 624640);
insert into Deducoes (DeducaoID, DeclaracaoID, TipoDeducao, Valor) values (53, 10, 'educacao', 26074);
insert into Deducoes (DeducaoID, DeclaracaoID, TipoDeducao, Valor) values (54, 4, 'medica', 866002);
insert into Deducoes (DeducaoID, DeclaracaoID, TipoDeducao, Valor) values (55, 1, 'medica', 149035);
insert into Deducoes (DeducaoID, DeclaracaoID, TipoDeducao, Valor) values (56, 2, 'medica', 747000);
insert into Deducoes (DeducaoID, DeclaracaoID, TipoDeducao, Valor) values (57, 4, 'previdencia', 705846);
insert into Deducoes (DeducaoID, DeclaracaoID, TipoDeducao, Valor) values (58, 6, 'previdencia', 701166);
insert into Deducoes (DeducaoID, DeclaracaoID, TipoDeducao, Valor) values (59, 2, 'educacao', 492200);
insert into Deducoes (DeducaoID, DeclaracaoID, TipoDeducao, Valor) values (60, 3, 'educacao', 107438);
insert into Deducoes (DeducaoID, DeclaracaoID, TipoDeducao, Valor) values (61, 10, 'educacao', 217752);
insert into Deducoes (DeducaoID, DeclaracaoID, TipoDeducao, Valor) values (62, 4, 'medica', 637426);
insert into Deducoes (DeducaoID, DeclaracaoID, TipoDeducao, Valor) values (63, 1, 'educacao', 47138);
insert into Deducoes (DeducaoID, DeclaracaoID, TipoDeducao, Valor) values (64, 8, 'medica', 698898);
insert into Deducoes (DeducaoID, DeclaracaoID, TipoDeducao, Valor) values (65, 3, 'previdencia', 169845);
insert into Deducoes (DeducaoID, DeclaracaoID, TipoDeducao, Valor) values (66, 6, 'medica', 415037);
insert into Deducoes (DeducaoID, DeclaracaoID, TipoDeducao, Valor) values (67, 4, 'medica', 242849);
insert into Deducoes (DeducaoID, DeclaracaoID, TipoDeducao, Valor) values (68, 8, 'previdencia', 702483);
insert into Deducoes (DeducaoID, DeclaracaoID, TipoDeducao, Valor) values (69, 6, 'previdencia', 144852);
insert into Deducoes (DeducaoID, DeclaracaoID, TipoDeducao, Valor) values (70, 8, 'educacao', 498136);
insert into Deducoes (DeducaoID, DeclaracaoID, TipoDeducao, Valor) values (71, 6, 'educacao', 878991);
insert into Deducoes (DeducaoID, DeclaracaoID, TipoDeducao, Valor) values (72, 3, 'educacao', 7814);
insert into Deducoes (DeducaoID, DeclaracaoID, TipoDeducao, Valor) values (73, 1, 'educacao', 713552);
insert into Deducoes (DeducaoID, DeclaracaoID, TipoDeducao, Valor) values (74, 4, 'educacao', 799192);
insert into Deducoes (DeducaoID, DeclaracaoID, TipoDeducao, Valor) values (75, 7, 'previdencia', 287723);
insert into Deducoes (DeducaoID, DeclaracaoID, TipoDeducao, Valor) values (76, 6, 'educacao', 449701);
insert into Deducoes (DeducaoID, DeclaracaoID, TipoDeducao, Valor) values (77, 8, 'previdencia', 273600);
insert into Deducoes (DeducaoID, DeclaracaoID, TipoDeducao, Valor) values (78, 9, 'educacao', 288968);
insert into Deducoes (DeducaoID, DeclaracaoID, TipoDeducao, Valor) values (79, 1, 'educacao', 762607);
insert into Deducoes (DeducaoID, DeclaracaoID, TipoDeducao, Valor) values (80, 4, 'medica', 339700);
insert into Deducoes (DeducaoID, DeclaracaoID, TipoDeducao, Valor) values (81, 5, 'educacao', 707291);
insert into Deducoes (DeducaoID, DeclaracaoID, TipoDeducao, Valor) values (82, 8, 'medica', 647958);
insert into Deducoes (DeducaoID, DeclaracaoID, TipoDeducao, Valor) values (83, 5, 'previdencia', 139874);
insert into Deducoes (DeducaoID, DeclaracaoID, TipoDeducao, Valor) values (84, 8, 'educacao', 899476);
insert into Deducoes (DeducaoID, DeclaracaoID, TipoDeducao, Valor) values (85, 3, 'previdencia', 46239);
insert into Deducoes (DeducaoID, DeclaracaoID, TipoDeducao, Valor) values (86, 9, 'previdencia', 924824);
insert into Deducoes (DeducaoID, DeclaracaoID, TipoDeducao, Valor) values (87, 8, 'previdencia', 711216);
insert into Deducoes (DeducaoID, DeclaracaoID, TipoDeducao, Valor) values (88, 8, 'previdencia', 885786);
insert into Deducoes (DeducaoID, DeclaracaoID, TipoDeducao, Valor) values (89, 3, 'educacao', 361657);
insert into Deducoes (DeducaoID, DeclaracaoID, TipoDeducao, Valor) values (90, 8, 'previdencia', 861723);
insert into Deducoes (DeducaoID, DeclaracaoID, TipoDeducao, Valor) values (91, 9, 'educacao', 538824);
insert into Deducoes (DeducaoID, DeclaracaoID, TipoDeducao, Valor) values (92, 4, 'medica', 538980);
insert into Deducoes (DeducaoID, DeclaracaoID, TipoDeducao, Valor) values (93, 5, 'medica', 17355);
insert into Deducoes (DeducaoID, DeclaracaoID, TipoDeducao, Valor) values (94, 9, 'previdencia', 966570);
insert into Deducoes (DeducaoID, DeclaracaoID, TipoDeducao, Valor) values (95, 4, 'educacao', 104791);
insert into Deducoes (DeducaoID, DeclaracaoID, TipoDeducao, Valor) values (96, 10, 'previdencia', 116336);
insert into Deducoes (DeducaoID, DeclaracaoID, TipoDeducao, Valor) values (97, 7, 'medica', 415018);
insert into Deducoes (DeducaoID, DeclaracaoID, TipoDeducao, Valor) values (98, 4, 'medica', 634872);
insert into Deducoes (DeducaoID, DeclaracaoID, TipoDeducao, Valor) values (99, 5, 'educacao', 698464);
insert into Deducoes (DeducaoID, DeclaracaoID, TipoDeducao, Valor) values (100, 2, 'medica', 344988);
insert into Deducoes (DeducaoID, DeclaracaoID, TipoDeducao, Valor) values (101, 8, 'medica', 249378);
insert into Deducoes (DeducaoID, DeclaracaoID, TipoDeducao, Valor) values (102, 9, 'medica', 463618);
insert into Deducoes (DeducaoID, DeclaracaoID, TipoDeducao, Valor) values (103, 4, 'medica', 948596);
insert into Deducoes (DeducaoID, DeclaracaoID, TipoDeducao, Valor) values (104, 9, 'medica', 955903);
insert into Deducoes (DeducaoID, DeclaracaoID, TipoDeducao, Valor) values (105, 1, 'medica', 430861);
insert into Deducoes (DeducaoID, DeclaracaoID, TipoDeducao, Valor) values (106, 4, 'medica', 217825);
insert into Deducoes (DeducaoID, DeclaracaoID, TipoDeducao, Valor) values (107, 10, 'educacao', 431597);
insert into Deducoes (DeducaoID, DeclaracaoID, TipoDeducao, Valor) values (108, 6, 'medica', 872840);
insert into Deducoes (DeducaoID, DeclaracaoID, TipoDeducao, Valor) values (109, 3, 'previdencia', 533831);
insert into Deducoes (DeducaoID, DeclaracaoID, TipoDeducao, Valor) values (110, 4, 'previdencia', 445210);
insert into Deducoes (DeducaoID, DeclaracaoID, TipoDeducao, Valor) values (111, 8, 'previdencia', 140437);
insert into Deducoes (DeducaoID, DeclaracaoID, TipoDeducao, Valor) values (112, 5, 'medica', 112650);
insert into Deducoes (DeducaoID, DeclaracaoID, TipoDeducao, Valor) values (113, 1, 'previdencia', 871252);
insert into Deducoes (DeducaoID, DeclaracaoID, TipoDeducao, Valor) values (114, 1, 'previdencia', 715475);
insert into Deducoes (DeducaoID, DeclaracaoID, TipoDeducao, Valor) values (115, 6, 'educacao', 997329);
insert into Deducoes (DeducaoID, DeclaracaoID, TipoDeducao, Valor) values (116, 9, 'educacao', 327201);
insert into Deducoes (DeducaoID, DeclaracaoID, TipoDeducao, Valor) values (117, 4, 'educacao', 75469);
insert into Deducoes (DeducaoID, DeclaracaoID, TipoDeducao, Valor) values (118, 1, 'medica', 630265);
insert into Deducoes (DeducaoID, DeclaracaoID, TipoDeducao, Valor) values (119, 1, 'educacao', 619326);
insert into Deducoes (DeducaoID, DeclaracaoID, TipoDeducao, Valor) values (120, 5, 'previdencia', 981014);
insert into Deducoes (DeducaoID, DeclaracaoID, TipoDeducao, Valor) values (121, 1, 'educacao', 428715);
insert into Deducoes (DeducaoID, DeclaracaoID, TipoDeducao, Valor) values (122, 4, 'previdencia', 191288);
insert into Deducoes (DeducaoID, DeclaracaoID, TipoDeducao, Valor) values (123, 3, 'medica', 331362);
insert into Deducoes (DeducaoID, DeclaracaoID, TipoDeducao, Valor) values (124, 8, 'medica', 379604);
insert into Deducoes (DeducaoID, DeclaracaoID, TipoDeducao, Valor) values (125, 9, 'previdencia', 462404);
insert into Deducoes (DeducaoID, DeclaracaoID, TipoDeducao, Valor) values (126, 10, 'previdencia', 153905);
insert into Deducoes (DeducaoID, DeclaracaoID, TipoDeducao, Valor) values (127, 10, 'educacao', 147111);
insert into Deducoes (DeducaoID, DeclaracaoID, TipoDeducao, Valor) values (128, 3, 'medica', 960775);
insert into Deducoes (DeducaoID, DeclaracaoID, TipoDeducao, Valor) values (129, 1, 'previdencia', 924399);
insert into Deducoes (DeducaoID, DeclaracaoID, TipoDeducao, Valor) values (130, 10, 'medica', 369745);
insert into Deducoes (DeducaoID, DeclaracaoID, TipoDeducao, Valor) values (131, 3, 'educacao', 223391);
insert into Deducoes (DeducaoID, DeclaracaoID, TipoDeducao, Valor) values (132, 6, 'medica', 745582);
insert into Deducoes (DeducaoID, DeclaracaoID, TipoDeducao, Valor) values (133, 1, 'educacao', 208474);
insert into Deducoes (DeducaoID, DeclaracaoID, TipoDeducao, Valor) values (134, 10, 'previdencia', 258904);
insert into Deducoes (DeducaoID, DeclaracaoID, TipoDeducao, Valor) values (135, 6, 'medica', 276528);
insert into Deducoes (DeducaoID, DeclaracaoID, TipoDeducao, Valor) values (136, 3, 'previdencia', 641065);
insert into Deducoes (DeducaoID, DeclaracaoID, TipoDeducao, Valor) values (137, 9, 'previdencia', 921394);
insert into Deducoes (DeducaoID, DeclaracaoID, TipoDeducao, Valor) values (138, 6, 'educacao', 570007);
insert into Deducoes (DeducaoID, DeclaracaoID, TipoDeducao, Valor) values (139, 8, 'previdencia', 678362);
insert into Deducoes (DeducaoID, DeclaracaoID, TipoDeducao, Valor) values (140, 3, 'previdencia', 101222);
insert into Deducoes (DeducaoID, DeclaracaoID, TipoDeducao, Valor) values (141, 2, 'medica', 725682);
insert into Deducoes (DeducaoID, DeclaracaoID, TipoDeducao, Valor) values (142, 9, 'previdencia', 965701);
insert into Deducoes (DeducaoID, DeclaracaoID, TipoDeducao, Valor) values (143, 4, 'educacao', 51580);
insert into Deducoes (DeducaoID, DeclaracaoID, TipoDeducao, Valor) values (144, 10, 'previdencia', 119248);
insert into Deducoes (DeducaoID, DeclaracaoID, TipoDeducao, Valor) values (145, 10, 'previdencia', 370643);
insert into Deducoes (DeducaoID, DeclaracaoID, TipoDeducao, Valor) values (146, 4, 'previdencia', 816205);
insert into Deducoes (DeducaoID, DeclaracaoID, TipoDeducao, Valor) values (147, 5, 'previdencia', 348299);
insert into Deducoes (DeducaoID, DeclaracaoID, TipoDeducao, Valor) values (148, 1, 'educacao', 214281);
insert into Deducoes (DeducaoID, DeclaracaoID, TipoDeducao, Valor) values (149, 10, 'educacao', 457513);
insert into Deducoes (DeducaoID, DeclaracaoID, TipoDeducao, Valor) values (150, 10, 'educacao', 828993);
insert into Deducoes (DeducaoID, DeclaracaoID, TipoDeducao, Valor) values (151, 1, 'previdencia', 820608);
insert into Deducoes (DeducaoID, DeclaracaoID, TipoDeducao, Valor) values (152, 4, 'medica', 992352);
insert into Deducoes (DeducaoID, DeclaracaoID, TipoDeducao, Valor) values (153, 1, 'educacao', 560399);
insert into Deducoes (DeducaoID, DeclaracaoID, TipoDeducao, Valor) values (154, 6, 'medica', 164361);
insert into Deducoes (DeducaoID, DeclaracaoID, TipoDeducao, Valor) values (155, 3, 'educacao', 319260);
insert into Deducoes (DeducaoID, DeclaracaoID, TipoDeducao, Valor) values (156, 10, 'previdencia', 945003);
insert into Deducoes (DeducaoID, DeclaracaoID, TipoDeducao, Valor) values (157, 7, 'previdencia', 848997);
insert into Deducoes (DeducaoID, DeclaracaoID, TipoDeducao, Valor) values (158, 1, 'previdencia', 836965);
insert into Deducoes (DeducaoID, DeclaracaoID, TipoDeducao, Valor) values (159, 3, 'previdencia', 365149);
insert into Deducoes (DeducaoID, DeclaracaoID, TipoDeducao, Valor) values (160, 10, 'medica', 835298);
insert into Deducoes (DeducaoID, DeclaracaoID, TipoDeducao, Valor) values (161, 5, 'educacao', 339935);
insert into Deducoes (DeducaoID, DeclaracaoID, TipoDeducao, Valor) values (162, 5, 'previdencia', 596716);
insert into Deducoes (DeducaoID, DeclaracaoID, TipoDeducao, Valor) values (163, 9, 'previdencia', 485367);
insert into Deducoes (DeducaoID, DeclaracaoID, TipoDeducao, Valor) values (164, 5, 'previdencia', 648069);
insert into Deducoes (DeducaoID, DeclaracaoID, TipoDeducao, Valor) values (165, 4, 'medica', 493042);
insert into Deducoes (DeducaoID, DeclaracaoID, TipoDeducao, Valor) values (166, 6, 'medica', 324789);
insert into Deducoes (DeducaoID, DeclaracaoID, TipoDeducao, Valor) values (167, 2, 'previdencia', 684999);
insert into Deducoes (DeducaoID, DeclaracaoID, TipoDeducao, Valor) values (168, 7, 'educacao', 95076);
insert into Deducoes (DeducaoID, DeclaracaoID, TipoDeducao, Valor) values (169, 2, 'medica', 875806);
insert into Deducoes (DeducaoID, DeclaracaoID, TipoDeducao, Valor) values (170, 7, 'educacao', 157182);
insert into Deducoes (DeducaoID, DeclaracaoID, TipoDeducao, Valor) values (171, 10, 'medica', 128753);
insert into Deducoes (DeducaoID, DeclaracaoID, TipoDeducao, Valor) values (172, 10, 'educacao', 196643);
insert into Deducoes (DeducaoID, DeclaracaoID, TipoDeducao, Valor) values (173, 3, 'previdencia', 147391);
insert into Deducoes (DeducaoID, DeclaracaoID, TipoDeducao, Valor) values (174, 6, 'educacao', 31595);
insert into Deducoes (DeducaoID, DeclaracaoID, TipoDeducao, Valor) values (175, 5, 'educacao', 76652);
insert into Deducoes (DeducaoID, DeclaracaoID, TipoDeducao, Valor) values (176, 9, 'previdencia', 447934);
insert into Deducoes (DeducaoID, DeclaracaoID, TipoDeducao, Valor) values (177, 3, 'previdencia', 164888);
insert into Deducoes (DeducaoID, DeclaracaoID, TipoDeducao, Valor) values (178, 4, 'medica', 756771);
insert into Deducoes (DeducaoID, DeclaracaoID, TipoDeducao, Valor) values (179, 9, 'educacao', 960665);
insert into Deducoes (DeducaoID, DeclaracaoID, TipoDeducao, Valor) values (180, 6, 'previdencia', 842279);
insert into Deducoes (DeducaoID, DeclaracaoID, TipoDeducao, Valor) values (181, 5, 'previdencia', 123995);
insert into Deducoes (DeducaoID, DeclaracaoID, TipoDeducao, Valor) values (182, 8, 'previdencia', 416533);
insert into Deducoes (DeducaoID, DeclaracaoID, TipoDeducao, Valor) values (183, 3, 'educacao', 730450);
insert into Deducoes (DeducaoID, DeclaracaoID, TipoDeducao, Valor) values (184, 8, 'educacao', 270326);
insert into Deducoes (DeducaoID, DeclaracaoID, TipoDeducao, Valor) values (185, 5, 'educacao', 195808);
insert into Deducoes (DeducaoID, DeclaracaoID, TipoDeducao, Valor) values (186, 5, 'previdencia', 549825);
insert into Deducoes (DeducaoID, DeclaracaoID, TipoDeducao, Valor) values (187, 1, 'educacao', 486011);
insert into Deducoes (DeducaoID, DeclaracaoID, TipoDeducao, Valor) values (188, 6, 'medica', 642970);
insert into Deducoes (DeducaoID, DeclaracaoID, TipoDeducao, Valor) values (189, 5, 'medica', 687170);
insert into Deducoes (DeducaoID, DeclaracaoID, TipoDeducao, Valor) values (190, 5, 'medica', 169038);
insert into Deducoes (DeducaoID, DeclaracaoID, TipoDeducao, Valor) values (191, 1, 'medica', 915943);
insert into Deducoes (DeducaoID, DeclaracaoID, TipoDeducao, Valor) values (192, 2, 'medica', 742864);
insert into Deducoes (DeducaoID, DeclaracaoID, TipoDeducao, Valor) values (193, 6, 'educacao', 131594);
insert into Deducoes (DeducaoID, DeclaracaoID, TipoDeducao, Valor) values (194, 10, 'educacao', 917485);
insert into Deducoes (DeducaoID, DeclaracaoID, TipoDeducao, Valor) values (195, 7, 'medica', 7306);
insert into Deducoes (DeducaoID, DeclaracaoID, TipoDeducao, Valor) values (196, 2, 'educacao', 940604);
insert into Deducoes (DeducaoID, DeclaracaoID, TipoDeducao, Valor) values (197, 1, 'previdencia', 376837);
insert into Deducoes (DeducaoID, DeclaracaoID, TipoDeducao, Valor) values (198, 10, 'previdencia', 854763);
insert into Deducoes (DeducaoID, DeclaracaoID, TipoDeducao, Valor) values (199, 5, 'medica', 675867);
insert into Deducoes (DeducaoID, DeclaracaoID, TipoDeducao, Valor) values (200, 2, 'medica', 933581);
SET IDENTITY_INSERT [dbo].[Deducoes] OFF
